-- ATTENTION : A CHAQUE EXECUTION, TOUTES LES DONNEES DISPARAITRONT
DELETE FROM Trains;
INSERT INTO Trains (idTrain, type, capacite, heuresCumulees) VALUES 
(101, 'TGV', 300, 1200),
(102, 'TER', 200, 800),
(103, 'Intercites', 250, 1000),
(104, 'TGV', 320, 1500),
(105, 'TER', 180, 600),
(106, 'Intercites', 260, 1100),
(107, 'TGV', 350, 1400),
(108, 'TER', 220, 900),
(109, 'Intercites', 240, 950),
(110, 'TGV', 330, 1300),
(111, 'TER', 210, 850),
(112, 'Intercites', 270, 1050);

DELETE FROM Gares;
INSERT INTO Gares (idGare, localisation, nom, nbQuais) VALUES 
(1, 'Paris', 'Gare du Nord', 15),
(2, 'Paris', 'Gare de Lyon', 13),
(3, 'Marseille', 'Gare Saint-Charles', 9),
(4, 'Bordeaux', 'Gare Saint-Jean', 8),
(5, 'Lyon', 'Gare Part-Dieu', 11),
(6, 'Nice', 'Gare de Nice-Ville', 12),
(7, 'Toulouse', 'Gare de Toulouse-Matabiau', 10),
(8, 'Lille', 'Gare de Lille-Flandres', 10),
(9, 'Strasbourg', 'Gare de Strasbourg', 13),
(10, 'Nantes', 'Gare de Nantes', 15),
(11, 'Montpellier', 'Gare de Montpellier-Saint-Roch', 9),
(12, 'Le Mans', 'Gare du Mans', 8),
(13, 'Dijon', 'Gare de Dijon-Ville', 5);

DELETE FROM Lignes;
INSERT INTO Lignes (idLigne) VALUES 
(1),
(2),
(3);

DELETE FROM Maintenances;
INSERT INTO Maintenances (nom) VALUES 
--Rien a signaler 
('R.A.S'),
--Maintenances de Gares 
('Bouches_egouts'),
('Panneaux_Affichage'),
('Quai_Endommage'),
('Escalator_Defectueux'),
('Panne_Wifi'),
--Maintenance de Trains
('Climatisation'),
('Lubrification'),
('Inspec_Roues'),
('Portes_Automatiques'),
--Maintenance de Lignes 
('Rails_fissure'),
('Debris_Sur_Voies'),
('Systeme_Drainage'),
('Tunnel_febrile'),
('Pont_febrile');

-- A REVOIR
DELETE FROM Trajets;
INSERT INTO Trajets (train, depart, arrivee, date, heure, duree) VALUES
(101, 1, 5, DATE '2025-01-01', '07:40:00', '01:45:00'), --TGV
(101, 1, 5, DATE '2025-01-01', '11:40:00', '01:45:00'), --TGV
(101, 1, 5, DATE '2025-01-01', '15:40:00', '01:45:00'), --TGV
(101, 1, 5, DATE '2025-01-02', '07:40:00', '01:45:00'), --TGV
(101, 1, 5, DATE '2025-01-02', '11:40:00', '01:45:00'), --TGV
(101, 1, 5, DATE '2025-01-02', '15:40:00', '01:45:00'), --TGV
(101, 5, 3, DATE '2025-01-03', '08:20:00', '02:25:00'), --TGV
(101, 5, 3, DATE '2025-01-03', '14:20:00', '02:25:00'), --TGV
(101, 5, 3, DATE '2025-01-03', '20:20:00', '02:25:00'), --TGV
(101, 5, 3, DATE '2025-01-04', '08:20:00', '02:25:00'), --TGV
(101, 5, 3, DATE '2025-01-04', '14:20:00', '02:25:00'), --TGV
(101, 5, 3, DATE '2025-01-04', '20:20:00', '02:25:00'), --TGV
(101, 6, 3, DATE '2025-01-05', '06:30:00', '02:30:00'), --TER
(101, 6, 3, DATE '2025-01-05', '12:30:00', '02:30:00'), --TER
(101, 6, 3, DATE '2025-01-05', '18:30:00', '02:30:00'), --TER
(101, 6, 3, DATE '2025-01-06', '06:30:00', '02:30:00'), --TER
(101, 6, 3, DATE '2025-01-06', '12:30:00', '02:30:00'), --TER
(101, 6, 3, DATE '2025-01-06', '18:30:00', '02:30:00'), --TER
(101, 6, 3, DATE '2025-01-07', '06:30:00', '02:30:00'), --TER
(101, 6, 3, DATE '2025-01-07', '12:30:00', '02:30:00'), --TER
(101, 6, 3, DATE '2025-01-07', '18:30:00', '02:30:00'), --TER
(101, 5, 1, DATE '2025-01-01', '09:40:00', '01:45:00'), --TGV
(101, 5, 1, DATE '2025-01-01', '13:40:00', '01:45:00'), --TGV
(101, 5, 1, DATE '2025-01-01', '17:40:00', '01:45:00'), --TGV
(101, 5, 1, DATE '2025-01-02', '09:40:00', '01:45:00'), --TGV
(101, 5, 1, DATE '2025-01-02', '13:40:00', '01:45:00'), --TGV
(101, 5, 1, DATE '2025-01-02', '17:40:00', '01:45:00'), --TGV
(101, 3, 5, DATE '2025-01-03', '11:20:00', '02:25:00'), --TGV
(101, 3, 5, DATE '2025-01-03', '17:20:00', '02:25:00'), --TGV
(101, 3, 5, DATE '2025-01-03', '23:20:00', '02:25:00'), --TGV
(101, 3, 5, DATE '2025-01-04', '11:20:00', '02:25:00'), --TGV
(101, 3, 5, DATE '2025-01-04', '17:20:00', '02:25:00'), --TGV
(101, 3, 5, DATE '2025-01-04', '23:20:00', '02:25:00'), --TGV
(101, 3, 6, DATE '2025-01-05', '12:30:00', '02:30:00'), --TER
(101, 3, 6, DATE '2025-01-05', '18:30:00', '02:30:00'), --TER
(101, 3, 6, DATE '2025-01-06', '00:30:00', '02:30:00'), --TER
(101, 3, 6, DATE '2025-01-06', '12:30:00', '02:30:00'), --TER
(101, 3, 6, DATE '2025-01-06', '18:30:00', '02:30:00'), --TER
(101, 3, 6, DATE '2025-01-07', '00:30:00', '02:30:00'), --TER
(101, 3, 6, DATE '2025-01-07', '12:30:00', '02:30:00'), --TER
(101, 3, 6, DATE '2025-01-07', '18:30:00', '02:30:00'), --TER
(101, 3, 6, DATE '2025-01-08', '00:30:00', '02:30:00'), --TER
(102, 2, 3, DATE '2025-01-01', '07:15:00', '03:34:00'),
(102, 2, 3, DATE '2025-01-01', '15:15:00', '03:34:00'),
(102, 2, 3, DATE '2025-01-01', '23:15:00', '03:34:00'),
(102, 2, 3, DATE '2025-01-02', '07:15:00', '03:34:00'),
(102, 2, 3, DATE '2025-01-02', '15:15:00', '03:34:00'),
(102, 2, 3, DATE '2025-01-02', '23:15:00', '03:34:00'),
(102, 2, 3, DATE '2025-01-03', '07:15:00', '03:34:00'),
(102, 2, 3, DATE '2025-01-03', '15:15:00', '03:34:00'),
(102, 2, 3, DATE '2025-01-03', '23:15:00', '03:34:00'),
(102, 3, 2, DATE '2025-01-01', '11:15:00', '03:34:00'),
(102, 3, 2, DATE '2025-01-01', '19:15:00', '03:34:00'),
(102, 3, 2, DATE '2025-01-02', '03:15:00', '03:34:00'),
(102, 3, 2, DATE '2025-01-02', '11:15:00', '03:34:00'),
(102, 3, 2, DATE '2025-01-02', '19:15:00', '03:34:00'),
(102, 3, 2, DATE '2025-01-03', '03:15:00', '03:34:00'),
(102, 3, 2, DATE '2025-01-03', '11:15:00', '03:34:00'),
(102, 3, 2, DATE '2025-01-03', '19:15:00', '03:34:00'),
(102, 3, 2, DATE '2025-01-04', '03:15:00', '03:34:00'),
(104, 1, 5, DATE '2025-01-01', '06:45:00', '01:45:00'),
(104, 1, 5, DATE '2025-01-01', '10:45:00', '01:45:00'),
(104, 1, 5, DATE '2025-01-01', '14:45:00', '01:45:00'),
(104, 1, 5, DATE '2025-01-01', '18:45:00', '01:45:00'),
(104, 1, 5, DATE '2025-01-02', '06:45:00', '01:45:00'),
(104, 1, 5, DATE '2025-01-02', '10:45:00', '01:45:00'),
(104, 1, 5, DATE '2025-01-02', '14:45:00', '01:45:00'),
(104, 1, 5, DATE '2025-01-02', '18:45:00', '01:45:00'),
(104, 1, 5, DATE '2025-01-03', '06:45:00', '01:45:00'),
(104, 1, 5, DATE '2025-01-03', '10:45:00', '01:45:00'),
(104, 1, 5, DATE '2025-01-03', '14:45:00', '01:45:00'),
(104, 1, 5, DATE '2025-01-03', '18:45:00', '01:45:00'),
(104, 5, 3, DATE '2025-01-01', '08:10:00', '02:25:00'),
(104, 5, 3, DATE '2025-01-01', '13:10:00', '02:25:00'),
(104, 5, 3, DATE '2025-01-01', '18:10:00', '02:25:00'),
(104, 5, 3, DATE '2025-01-02', '08:10:00', '02:25:00'),
(104, 5, 3, DATE '2025-01-02', '13:10:00', '02:25:00'),
(104, 5, 3, DATE '2025-01-02', '18:10:00', '02:25:00'),
(104, 5, 3, DATE '2025-01-03', '08:10:00', '02:25:00'),
(104, 5, 3, DATE '2025-01-03', '13:10:00', '02:25:00'),
(104, 5, 3, DATE '2025-01-03', '18:10:00', '02:25:00'),
(104, 6, 3, DATE '2025-01-04', '06:50:00', '02:33:00'),
(104, 6, 3, DATE '2025-01-04', '12:50:00', '02:33:00'),
(104, 6, 3, DATE '2025-01-04', '18:50:00', '02:33:00'),
(104, 6, 3, DATE '2025-01-05', '06:50:00', '02:33:00'),
(104, 6, 3, DATE '2025-01-05', '12:50:00', '02:33:00'),
(104, 6, 3, DATE '2025-01-05', '18:50:00', '02:33:00'),
(104, 6, 3, DATE '2025-01-06', '06:50:00', '02:33:00'),
(104, 6, 3, DATE '2025-01-06', '12:50:00', '02:33:00'),
(104, 6, 3, DATE '2025-01-06', '18:50:00', '02:33:00'),
(104, 5, 1, DATE '2025-01-01', '08:45:00', '01:45:00'),
(104, 5, 1, DATE '2025-01-01', '12:45:00', '01:45:00'),
(104, 5, 1, DATE '2025-01-01', '16:45:00', '01:45:00'),
(104, 5, 1, DATE '2025-01-01', '20:45:00', '01:45:00'),
(104, 5, 1, DATE '2025-01-02', '08:45:00', '01:45:00'),
(104, 5, 1, DATE '2025-01-02', '12:45:00', '01:45:00'),
(104, 5, 1, DATE '2025-01-02', '16:45:00', '01:45:00'),
(104, 5, 1, DATE '2025-01-02', '20:45:00', '01:45:00'),
(104, 5, 1, DATE '2025-01-03', '08:45:00', '01:45:00'),
(104, 5, 1, DATE '2025-01-03', '12:45:00', '01:45:00'),
(104, 5, 1, DATE '2025-01-03', '16:45:00', '01:45:00'),
(104, 5, 1, DATE '2025-01-03', '20:45:00', '01:45:00'),
(104, 3, 5, DATE '2025-01-01', '11:10:00', '02:25:00'),
(104, 3, 5, DATE '2025-01-01', '16:10:00', '02:25:00'),
(104, 3, 5, DATE '2025-01-01', '21:10:00', '02:25:00'),
(104, 3, 5, DATE '2025-01-02', '11:10:00', '02:25:00'),
(104, 3, 5, DATE '2025-01-02', '16:10:00', '02:25:00'),
(104, 3, 5, DATE '2025-01-02', '21:10:00', '02:25:00'),
(104, 3, 5, DATE '2025-01-03', '11:10:00', '02:25:00'),
(104, 3, 5, DATE '2025-01-03', '16:10:00', '02:25:00'),
(104, 3, 5, DATE '2025-01-03', '21:10:00', '02:25:00'),
(104, 3, 6, DATE '2025-01-04', '09:50:00', '02:33:00'),
(104, 3, 6, DATE '2025-01-04', '15:50:00', '02:33:00'),
(104, 3, 6, DATE '2025-01-04', '21:50:00', '02:33:00'),
(104, 3, 6, DATE '2025-01-05', '09:50:00', '02:33:00'),
(104, 3, 6, DATE '2025-01-05', '15:50:00', '02:33:00'),
(104, 3, 6, DATE '2025-01-05', '18:50:00', '02:33:00'),
(104, 3, 6, DATE '2025-01-06', '09:50:00', '02:33:00'),
(104, 3, 6, DATE '2025-01-06', '15:50:00', '02:33:00'),
(104, 3, 6, DATE '2025-01-06', '21:50:00', '02:33:00'),
(105, 12, 10, DATE '2025-01-01', '07:50:00', '01:31:00'),
(105, 12, 10, DATE '2025-01-01', '11:50:00', '01:31:00'),
(105, 12, 10, DATE '2025-01-01', '15:50:00', '01:31:00'),
(105, 12, 10, DATE '2025-01-01', '19:50:00', '01:31:00'),
(105, 12, 10, DATE '2025-01-02', '07:50:00', '01:31:00'),
(105, 12, 10, DATE '2025-01-02', '11:50:00', '01:31:00'),
(105, 12, 10, DATE '2025-01-02', '15:50:00', '01:31:00'),
(105, 12, 10, DATE '2025-01-02', '19:50:00', '01:31:00'),
(105, 12, 10, DATE '2025-01-03', '07:50:00', '01:31:00'),
(105, 12, 10, DATE '2025-01-03', '11:50:00', '01:31:00'),
(105, 12, 10, DATE '2025-01-03', '15:50:00', '01:31:00'),
(105, 12, 10, DATE '2025-01-03', '19:50:00', '01:31:00'),
(105, 10, 4, DATE '2025-01-04', '06:15:00', '04:10:00'),
(105, 10, 4, DATE '2025-01-04', '14:15:00', '04:10:00'),
(105, 10, 4, DATE '2025-01-04', '22:15:00', '04:10:00'),
(105, 10, 4, DATE '2025-01-05', '06:15:00', '04:10:00'),
(105, 10, 4, DATE '2025-01-05', '14:15:00', '04:10:00'),
(105, 10, 4, DATE '2025-01-05', '22:15:00', '04:10:00'),
(105, 10, 4, DATE '2025-01-06', '06:15:00', '04:10:00'),
(105, 10, 4, DATE '2025-01-06', '14:15:00', '04:10:00'),
(105, 10, 4, DATE '2025-01-06', '22:15:00', '04:10:00'),
(105, 7, 4, DATE '2025-01-07', '07:35:00', '02:30:00'),
(105, 7, 4, DATE '2025-01-07', '12:35:00', '02:30:00'),
(105, 7, 4, DATE '2025-01-07', '17:35:00', '02:30:00'),
(105, 7, 4, DATE '2025-01-08', '07:35:00', '02:30:00'),
(105, 7, 4, DATE '2025-01-08', '12:35:00', '02:30:00'),
(105, 7, 4, DATE '2025-01-08', '17:35:00', '02:30:00'),
(105, 7, 4, DATE '2025-01-09', '07:35:00', '02:30:00'),
(105, 7, 4, DATE '2025-01-09', '12:35:00', '02:30:00'),
(105, 7, 4, DATE '2025-01-09', '17:35:00', '02:30:00'),
(105, 10, 12, DATE '2025-01-01', '09:50:00', '01:31:00'),
(105, 10, 12, DATE '2025-01-01', '13:50:00', '01:31:00'),
(105, 10, 12, DATE '2025-01-01', '17:50:00', '01:31:00'),
(105, 10, 12, DATE '2025-01-01', '21:50:00', '01:31:00'),
(105, 10, 12, DATE '2025-01-02', '09:50:00', '01:31:00'),
(105, 10, 12, DATE '2025-01-02', '13:50:00', '01:31:00'),
(105, 10, 12, DATE '2025-01-02', '17:50:00', '01:31:00'),
(105, 10, 12, DATE '2025-01-02', '21:50:00', '01:31:00'),
(105, 10, 12, DATE '2025-01-03', '09:50:00', '01:31:00'),
(105, 10, 12, DATE '2025-01-03', '13:50:00', '01:31:00'),
(105, 10, 12, DATE '2025-01-03', '17:50:00', '01:31:00'),
(105, 10, 12, DATE '2025-01-03', '21:50:00', '01:31:00'),
(105, 4, 10, DATE '2025-01-04', '11:15:00', '04:10:00'),
(105, 4, 10, DATE '2025-01-04', '19:15:00', '04:10:00'),
(105, 4, 10, DATE '2025-01-5', '02:15:00', '04:10:00'),
(105, 4, 10, DATE '2025-01-05', '11:15:00', '04:10:00'),
(105, 4, 10, DATE '2025-01-05', '19:15:00', '04:10:00'),
(105, 4, 10, DATE '2025-01-06', '02:15:00', '04:10:00'),
(105, 4, 10, DATE '2025-01-06', '11:15:00', '04:10:00'),
(105, 4, 10, DATE '2025-01-06', '19:15:00', '04:10:00'),
(105, 4, 10, DATE '2025-01-07', '02:15:00', '04:10:00'),
(105, 4, 7, DATE '2025-01-07', '10:35:00', '02:30:00'),
(105, 4, 7, DATE '2025-01-07', '15:35:00', '02:30:00'),
(105, 4, 7, DATE '2025-01-07', '20:35:00', '02:30:00'),
(105, 4, 7, DATE '2025-01-08', '10:35:00', '02:30:00'),
(105, 4, 7, DATE '2025-01-08', '15:35:00', '02:30:00'),
(105, 4, 7, DATE '2025-01-08', '20:35:00', '02:30:00'),
(105, 4, 7, DATE '2025-01-09', '10:35:00', '02:30:00'),
(105, 4, 7, DATE '2025-01-09', '15:35:00', '02:30:00'),
(105, 4, 7, DATE '2025-01-09', '20:35:00', '02:30:00'),
(106, 11, 7, DATE '2025-01-01', '07:05:00', '02:13:00'),
(106, 11, 7, DATE '2025-01-01', '12:05:00', '02:13:00'),
(106, 11, 7, DATE '2025-01-01', '17:05:00', '02:13:00'),
(106, 11, 7, DATE '2025-01-02', '07:05:00', '02:13:00'),
(106, 11, 7, DATE '2025-01-02', '12:05:00', '02:13:00'),
(106, 11, 7, DATE '2025-01-02', '17:05:00', '02:13:00'),
(106, 7, 11, DATE '2025-01-01', '10:05:00', '02:13:00'),
(106, 7, 11, DATE '2025-01-01', '15:05:00', '02:13:00'),
(106, 7, 11, DATE '2025-01-01', '20:05:00', '02:13:00'),
(106, 7, 11, DATE '2025-01-02', '10:05:00', '02:13:00'),
(106, 7, 11, DATE '2025-01-02', '15:05:00', '02:13:00'),
(106, 7, 11, DATE '2025-01-02', '20:05:00', '02:13:00'),
(107, 7, 4, DATE '2025-01-01', '07:20:00', '02:31:00'),
(107, 7, 4, DATE '2025-01-01', '13:20:00', '02:31:00'),
(107, 7, 4, DATE '2025-01-01', '19:20:00', '02:31:00'),
(107, 7, 4, DATE '2025-01-02', '07:20:00', '02:31:00'),
(107, 7, 4, DATE '2025-01-02', '13:20:00', '02:31:00'),
(107, 7, 4, DATE '2025-01-02', '19:20:00', '02:31:00'),
(107, 4, 7, DATE '2025-01-01', '10:20:00', '02:31:00'),
(107, 4, 7, DATE '2025-01-01', '16:20:00', '02:31:00'),
(107, 4, 7, DATE '2025-01-01', '22:20:00', '02:31:00'),
(107, 4, 7, DATE '2025-01-02', '10:20:00', '02:31:00'),
(107, 4, 7, DATE '2025-01-02', '16:20:00', '02:31:00'),
(107, 4, 7, DATE '2025-01-02', '22:20:00', '02:31:00'),
(109, 6, 3, DATE '2025-01-01', '06:30:00', '02:33:00'),
(109, 6, 3, DATE '2025-01-01', '12:30:00', '02:33:00'),
(109, 6, 3, DATE '2025-01-01', '18:30:00', '02:33:00'),
(109, 6, 3, DATE '2025-01-02', '06:30:00', '02:33:00'),
(109, 6, 3, DATE '2025-01-02', '12:30:00', '02:33:00'),
(109, 6, 3, DATE '2025-01-02', '18:30:00', '02:33:00'),
(109, 3, 6, DATE '2025-01-01', '09:30:00', '02:33:00'),
(109, 3, 6, DATE '2025-01-01', '15:30:00', '02:33:00'),
(109, 3, 6, DATE '2025-01-01', '21:30:00', '02:33:00'),
(109, 3, 6, DATE '2025-01-02', '09:30:00', '02:33:00'),
(109, 3, 6, DATE '2025-01-02', '15:30:00', '02:33:00'),
(109, 3, 6, DATE '2025-01-02', '21:30:00', '02:33:00'),
(110, 7, 4, DATE '2025-01-01', '06:55:00', '02:30:00'),
(110, 7, 4, DATE '2025-01-01', '11:55:00', '02:30:00'),
(110, 7, 4, DATE '2025-01-01', '16:55:00', '02:30:00'),
(110, 7, 4, DATE '2025-01-01', '21:55:00', '02:30:00'),
(110, 7, 4, DATE '2025-01-02', '06:55:00', '02:30:00'),
(110, 7, 4, DATE '2025-01-02', '11:55:00', '02:30:00'),
(110, 7, 4, DATE '2025-01-02', '16:55:00', '02:30:00'),
(110, 7, 4, DATE '2025-01-02', '21:55:00', '02:30:00'),
(110, 7, 4, DATE '2025-01-03', '06:55:00', '02:30:00'),
(110, 7, 4, DATE '2025-01-03', '11:55:00', '02:30:00'),
(110, 7, 4, DATE '2025-01-03', '16:55:00', '02:30:00'),
(110, 7, 4, DATE '2025-01-03', '21:55:00', '02:30:00'),
(110, 4, 7, DATE '2025-01-01', '09:55:00', '02:30:00'),
(110, 4, 7, DATE '2025-01-01', '14:55:00', '02:30:00'),
(110, 4, 7, DATE '2025-01-01', '19:55:00', '02:30:00'),
(110, 4, 7, DATE '2025-01-02', '00:55:00', '02:30:00'),
(110, 4, 7, DATE '2025-01-02', '09:55:00', '02:30:00'),
(110, 4, 7, DATE '2025-01-02', '14:55:00', '02:30:00'),
(110, 4, 7, DATE '2025-01-02', '19:55:00', '02:30:00'),
(110, 4, 7, DATE '2025-01-03', '00:55:00', '02:30:00'),
(110, 4, 7, DATE '2025-01-03', '09:55:00', '02:30:00'),
(110, 4, 7, DATE '2025-01-03', '14:55:00', '02:30:00'),
(110, 4, 7, DATE '2025-01-03', '19:55:00', '02:30:00'),
(110, 4, 7, DATE '2025-01-04', '00:55:00', '02:30:00'),
(111, 5, 8, DATE '2025-01-01', '07:35:00', '03:08:00'),
(111, 5, 8, DATE '2025-01-01', '14:35:00', '03:08:00'),
(111, 5, 8, DATE '2025-01-02', '07:35:00', '03:08:00'),
(111, 5, 8, DATE '2025-01-02', '14:35:00', '03:08:00'),
(111, 5, 8, DATE '2025-01-03', '07:35:00', '03:08:00'),
(111, 5, 8, DATE '2025-01-03', '14:35:00', '03:08:00'),
(111, 8, 5, DATE '2025-01-01', '11:35:00', '03:08:00'),
(111, 8, 5, DATE '2025-01-01', '18:35:00', '03:08:00'),
(111, 8, 5, DATE '2025-01-02', '11:35:00', '03:08:00'),
(111, 8, 5, DATE '2025-01-02', '18:35:00', '03:08:00'),
(111, 8, 5, DATE '2025-01-03', '11:35:00', '03:08:00'),
(111, 8, 5, DATE '2025-01-03', '18:35:00', '03:08:00'),
(112, 6, 3, DATE '2025-01-01', '06:05:00', '02:30:00'),
(112, 6, 3, DATE '2025-01-01', '11:05:00', '02:30:00'),
(112, 6, 3, DATE '2025-01-01', '16:05:00', '02:30:00'),
(112, 6, 3, DATE '2025-01-01', '21:05:00', '02:30:00'),
(112, 6, 3, DATE '2025-01-02', '06:05:00', '02:30:00'),
(112, 6, 3, DATE '2025-01-02', '11:05:00', '02:30:00'),
(112, 6, 3, DATE '2025-01-02', '16:05:00', '02:30:00'),
(112, 6, 3, DATE '2025-01-02', '21:05:00', '02:30:00'),
(112, 3, 6, DATE '2025-01-01', '09:05:00', '02:30:00'),
(112, 3, 6, DATE '2025-01-01', '14:05:00', '02:30:00'),
(112, 3, 6, DATE '2025-01-01', '19:05:00', '02:30:00'),
(112, 3, 6, DATE '2025-01-02', '00:05:00', '02:30:00'),
(112, 3, 6, DATE '2025-01-02', '09:05:00', '02:30:00'),
(112, 3, 6, DATE '2025-01-02', '14:05:00', '02:30:00'),
(112, 3, 6, DATE '2025-01-02', '19:05:00', '02:30:00'),
(112, 3, 6, DATE '2025-01-03', '00:05:00', '02:30:00');

/*
('Marseille', 'Montpellier'), --TER
('Bordeaux', 'Marseille'), --Intercite
('Bordeaux', 'Lille'), --TGV
('Toulouse', 'Lille'), --TGV
('Strasbourg', 'Paris'), --TGV
('Strasbourg', 'Lyon'), --TGV
('Lyon', 'Lille'), --TGV
('Nantes', 'Paris'), --TGV
('Le Mans', 'Lyon'), -- TGV 
('Montpellier', 'Lyon'), --TGV
('Montpellier', 'Bordeaux'), --Intercite
('Montpellier', 'Toulouse'),--TER*/

DELETE FROM Equipements;
INSERT INTO Equipements (Nom) VALUES 
('Escalators'), -- Gare du Nord (Paris)
('Bornes Billets'),
('Ascenseurs'),
('WiFi'),
('Gilets de securite'),
('Autolaveuses'),
('Barrieres de securite'),
('Chariot de menage');

DELETE FROM Incidents;
INSERT INTO Incidents (type) VALUES 
('Affaissement'),
('Deraillement partiel'),
('');

DELETE FROM Dessert;
INSERT INTO Dessert (idGare, idLigne) VALUES 
(1, 1),
(2, 2),
(3, 3);

DELETE FROM Est_equipee;
INSERT INTO Est_equipee (idGare, nomEquipement, quantite) VALUES 
(1, 'Escalators', 5), -- Gare du Nord (Paris)
(1, 'Bornes Billets', 20),
(1, 'Ascenseurs', 10),
(1, 'WiFi', 15),
(1, 'Gilets de securite', 50),
(1, 'Autolaveuses', 4),
(1, 'Barrieres de securite', 25),
(1, 'Chariot de menage', 10),

(2, 'Escalators', 4), -- Gare de Lyon (Lyon)
(2, 'Bornes Billets', 10),
(2, 'Ascenseurs', 5),
(2, 'WiFi', 12),
(2, 'Gilets de securite', 40),
(2, 'Autolaveuses', 3),
(2, 'Barrieres de securite', 20),
(2, 'Chariot de menage', 8),

(3, 'Escalators', 3), -- Gare Saint-Charles (Marseille)
(3, 'Bornes Billets', 8),
(3, 'Ascenseurs', 3),
(3, 'WiFi', 10),
(3, 'Gilets de securite', 30),
(3, 'Autolaveuses', 2),
(3, 'Barrieres de securite', 15),
(3, 'Chariot de menage', 6),

(4, 'Escalators', 2), -- Gare Saint-Jean (Bordeaux)
(4, 'Bornes Billets', 7),
(4, 'Ascenseurs', 2),
(4, 'WiFi', 7),
(4, 'Gilets de securite', 25),
(4, 'Autolaveuses', 1),
(4, 'Barrieres de securite', 10),
(4, 'Chariot de menage', 5),

(5, 'Escalators', 4), -- Gare Part-Dieu (Lyon)
(5, 'Bornes Billets', 9),
(5, 'Ascenseurs', 4),
(5, 'WiFi', 10),
(5, 'Gilets de securite', 35),
(5, 'Autolaveuses', 3),
(5, 'Barrieres de securite', 15),
(5, 'Chariot de menage', 7),

(6, 'Escalators', 3), -- Gare de Nice-Ville (Nice)
(6, 'Bornes Billets', 8),
(6, 'Ascenseurs', 3),
(6, 'WiFi', 9),
(6, 'Gilets de securite', 30),
(6, 'Autolaveuses', 2),
(6, 'Barrieres de securite', 12),
(6, 'Chariot de menage', 6),

(7, 'Escalators', 3), -- Gare de Toulouse-Matabiau (Toulouse)
(7, 'Bornes Billets', 8),
(7, 'Ascenseurs', 3),
(7, 'WiFi', 9),
(7, 'Gilets de securite', 30),
(7, 'Autolaveuses', 2),
(7, 'Barrieres de securite', 12),
(7, 'Chariot de menage', 6),

(8, 'Escalators', 3), -- Gare de Lille-Flandres (Lille)
(8, 'Bornes Billets', 8),
(8, 'Ascenseurs', 3),
(8, 'WiFi', 9),
(8, 'Gilets de securite', 30),
(8, 'Autolaveuses', 2),
(8, 'Barrieres de securite', 12),
(8, 'Chariot de menage', 6),

(9, 'Escalators', 4), -- Gare de Strasbourg (Strasbourg)
(9, 'Bornes Billets', 9),
(9, 'Ascenseurs', 4),
(9, 'WiFi', 10),
(9, 'Gilets de securite', 35),
(9, 'Autolaveuses', 3),
(9, 'Barrieres de securite', 15),
(9, 'Chariot de menage', 7),

(10, 'Escalators', 5), -- Gare de Nantes (Nantes)
(10, 'Bornes Billets', 10),
(10, 'Ascenseurs', 5),
(10, 'WiFi', 12),
(10, 'Gilets de securite', 40),
(10, 'Autolaveuses', 4),
(10, 'Barrieres de securite', 20),
(10, 'Chariot de menage', 8),

(11, 'Escalators', 3), -- Gare de Montpellier-Saint-Roch (Montpellier)
(11, 'Bornes Billets', 8),
(11, 'Ascenseurs', 3),
(11, 'WiFi', 9),
(11, 'Gilets de securite', 30),
(11, 'Autolaveuses', 2),
(11, 'Barrieres de securite', 12),
(11, 'Chariot de menage', 6);

-- A FAIRE
DELETE FROM Maintenances_de_Train;
INSERT INTO Maintenances_de_Train (nom, idTrain, date, heure, duree) VALUES 
('R.A.S', 101,'2000-01-01','00:00:00','00:00:00');

DELETE FROM Maintenances_de_Gare;
INSERT INTO Maintenances_de_Gare (nom, idGare, date, heure, duree) VALUES
('R.A.S', 1,'2000-01-01','00:00:00','00:00:00');

DELETE FROM Maintenances_de_Ligne;
INSERT INTO Maintenances_de_Ligne (nom, idLigne, date, heure, gareDebut, gareFin, duree) VALUES
('R.A.S', 1,'2000-01-01','00:00:00', 1, 1,'00:00:00');


DELETE FROM Incidents_de_Train;
INSERT INTO Incidents_de_Train (type, idTrain, date, heure, duree) VALUES
('', 101,'2000-01-01','00:00:00','00:00:00');

DELETE FROM Incidents_de_Gare;
INSERT INTO Incidents_de_Gare (type, idGare, date, heure, duree) VALUES
('', 1,'2000-01-01','00:00:00','00:00:00');

DELETE FROM Incidents_de_Ligne;
INSERT INTO Incidents_de_Ligne (type, idLigne, date, heure, gareDebut, gareFin, duree) VALUES
('', 1,'2000-01-01','00:00:00', 1, 1,'00:00:00');


